hidden_layers,hidden_units,mean_relative_error,std_relative_error,best_relative_error,training_time_sec,std_training_time_sec,mean_eval_time_sec,std_eval_time_sec
1,25,1.2905757357638976,0.00319719534306282,1.2895100039828766,82.66817133426666,3.8696108117742956,0.0547760009765625,0.012665901994217894
