n,time_sec,relative_error
5,13.789963245391846,0.7375318908979204
10,15.235785961151123,0.14893661260778635
15,16.53398823738098,0.072494329291005
20,17.784058332443237,0.04542724798819734
25,19.082528829574585,0.03213927307559029
30,20.4530930519104,0.024761772825333508
35,21.87458348274231,0.020087281058143714
40,24.955495834350586,0.01688681014089601
45,26.359909296035767,0.014630246998650434
50,27.26962161064148,0.012901094644648232
