n,time_sec,relative_error
5,9.58978533744812,0.7375318908979204
10,10.079086542129517,0.14893661260778635
15,10.123613595962524,0.072494329291005
20,10.888354301452637,0.04542724798819734
25,11.43207335472107,0.03213927307559029
30,12.080028533935547,0.024761772825333508
35,12.87601113319397,0.020087281058143714
40,13.44734239578247,0.01688681014089601
45,14.18984842300415,0.014630246998650434
50,14.754792928695679,0.012901094644648232
