n,time_sec,relative_error
5,11.084867238998413,0.7375318908979204
10,11.564053535461426,0.14893661260778635
15,11.79434585571289,0.072494329291005
20,12.383668422698975,0.04542724798819734
25,12.823604822158813,0.03213927307559029
30,13.437257289886475,0.024761772825333508
35,13.949443101882935,0.020087281058143714
40,14.85073208808899,0.01688681014089601
45,15.378570556640625,0.014630246998650434
50,16.049116373062134,0.012901094644648232
