n,time_sec,relative_error
5,8.407148361206055,0.7375318908979204
10,9.216610431671143,0.14893661260778635
15,9.898883819580078,0.072494329291005
20,10.429875373840332,0.04542724798819734
25,11.991524457931519,0.03213927307559029
30,13.167510271072388,0.024761772825333508
35,13.891737937927246,0.020087281058143714
40,15.26720380783081,0.01688681014089601
45,15.844053506851196,0.014630246998650434
50,16.423837184906006,0.012901094644648232
