n,time_sec,relative_error
5,8.437304496765137,0.7375318908979204
10,9.013044357299805,0.14893661260778635
15,11.152822494506836,0.072494329291005
20,11.239439010620117,0.04542724798819734
25,13.346346616744995,0.03213927307559029
30,13.64585256576538,0.024761772825333508
35,15.35038161277771,0.020087281058143714
40,16.100662231445312,0.01688681014089601
45,17.307780504226685,0.014630246998650434
50,18.21132755279541,0.012901094644648232
