n,time_sec,relative_error
5,8.635216474533081,0.7375318908979204
10,9.618963956832886,0.14893661260778635
15,10.362471103668213,0.072494329291005
20,11.143466234207153,0.04542724798819734
25,14.047034502029419,0.03213927307559029
30,14.53692102432251,0.024761772825333508
35,15.356926202774048,0.020087281058143714
40,15.706998825073242,0.01688681014089601
45,16.578389644622803,0.014630246998650434
50,17.292346954345703,0.012901094644648232
