n,time_sec,relative_error
5,8.694999933242798,0.7375318908979204
10,9.311859369277954,0.14893661260778635
15,10.104127883911133,0.072494329291005
20,10.993240356445312,0.04542724798819734
25,12.672176361083984,0.03213927307559029
30,13.962590217590332,0.024761772825333508
35,15.877665996551514,0.020087281058143714
40,15.355205774307251,0.01688681014089601
45,15.702429294586182,0.014630246998650434
50,17.576740980148315,0.012901094644648232
