layers,neurons_per_layer,time_sec,relative_error
1,25,0.16309332847595215,0.9099472827878319
1,50,0.06536388397216797,0.7981202998092181
1,75,0.08555889129638672,0.7259987598711038
2,25,0.06192445755004883,0.4103739626271663
2,50,0.08214807510375977,0.11660656418705193
2,75,0.09367227554321289,0.07717629879486751
3,25,0.06692838668823242,0.15189258568555977
3,50,0.1625809669494629,0.07549167566828495
3,75,0.1090855598449707,0.07464774220034902
