layers,neurons_per_layer,evaluation_time_sec,relative_error,training_time_sec
1,25,0.6556954383850098,0.9099472827878319,268.5808
1,50,0.09298396110534668,0.7981202998092181,287.7863
1,75,0.10896587371826172,0.7259987598711038,291.1042
2,25,0.04495835304260254,0.4103739626271663,333.6271
2,50,0.0457768440246582,0.11660656418705193,346.1852
2,75,0.06925511360168457,0.07717629879486751,356.2399
3,25,0.04313921928405762,0.15189258568555977,401.7561
3,50,0.05551004409790039,0.07549167566828495,396.753
3,75,0.054673194885253906,0.07464774220034902,430.8179
