layers,neurons_per_layer,evaluation_time_sec,relative_error,training_time_sec
1,25,0.6857695579528809,0.9099472827878319,268.5808
1,50,0.1025536060333252,0.7981202998092181,287.7863
1,75,0.13384747505187988,0.7259987598711038,291.1042
2,25,0.07499837875366211,0.4103739626271663,333.6271
2,50,0.1366419792175293,0.11660656418705193,346.1852
2,75,0.15043997764587402,0.07717629879486751,356.2399
3,25,0.08189225196838379,0.15189258568555977,401.7561
3,50,0.13514947891235352,0.07549167566828495,396.753
3,75,0.25838565826416016,0.07464774220034902,430.8179
