layers,neurons_per_layer,evaluation_time_sec,relative_error,training_time_sec
1,25,0.06613302230834961,1.024358471243598,268.5808
1,50,0.10735607147216797,2.0582611321878557,287.7863
1,75,0.11205792427062988,1.2887208850214753,291.1042
2,25,0.06327247619628906,1.074502849206216,333.6271
2,50,0.11433577537536621,1.3743194647756174,346.1852
2,75,0.14606618881225586,0.9912174800022007,356.2399
3,25,0.07795023918151855,1.045087416621913,401.7561
3,50,0.13215327262878418,1.0047718710099856,396.753
3,75,0.18993067741394043,1.0200030307881427,430.8179
