layers,neurons_per_layer,evaluation_time_sec,relative_error,training_time_sec
1,25,0.6927924156188965,1.3319032313856505,268.5808
1,50,0.09819483757019043,2.555628706275875,287.7863
1,75,0.12569499015808105,1.7217360965413546,291.1042
2,25,0.06850910186767578,1.0636314163303098,333.6271
2,50,0.10531163215637207,1.0078224603926438,346.1852
2,75,0.16051197052001953,1.026546726595687,356.2399
3,25,0.07684540748596191,0.9944990414680406,401.7561
3,50,0.19849658012390137,1.0459215711968857,396.753
3,75,0.1098172664642334,1.0000283661443516,430.8179
