layers,neurons_per_layer,evaluation_time_sec,relative_error,training_time_sec
1,25,0.3709449768066406,0.9099472827878319,268.5808
1,50,0.10010838508605957,0.7981202998092181,287.7863
1,75,0.12207651138305664,0.7259987598711038,291.1042
2,25,0.0699915885925293,0.4103739626271663,333.6271
2,50,0.10734367370605469,0.11660656418705193,346.1852
2,75,0.15969276428222656,0.07717629879486751,356.2399
3,25,0.08055400848388672,0.15189258568555977,401.7561
3,50,0.12724757194519043,0.07549167566828495,396.753
3,75,0.18871712684631348,0.07464774220034902,430.8179
