n,time_sec,relative_error
5,8.48894739151001,0.7375318908979204
10,8.875329971313477,0.14893661260778635
15,10.176424026489258,0.072494329291005
20,10.378005027770996,0.04542724798819734
25,11.136266946792603,0.03213927307559029
30,13.656307220458984,0.024761772825333508
35,12.974172115325928,0.020087281058143714
40,14.805135488510132,0.01688681014089601
45,16.843138456344604,0.014630246998650434
50,18.787800312042236,0.012901094644648232
